algo,n,density,block_size,run,seconds,memory_mb,cpu_percent,nnz
dense_unroll,2048,0.01,64,1,2.31349,97.2969,99.9158,4194304
dense_unroll,2048,0.01,64,2,2.35813,97.2969,98.809,4194304
dense_unroll,2048,0.01,64,3,2.63059,97.2969,95.602,4194304
dense_unroll,2048,0.01,64,4,2.3574,97.2969,99.6707,4194304
dense_unroll,2048,0.01,64,5,2.35958,97.2969,99.6448,4194304
