algo,n,density,block,run,time_sec,memory_mb,cpu_pct,nnz_or_n2
dense_block,512,0,64,0,0.0255624,7.23438,98.9736,262144
dense_block,512,0,64,1,0.0237132,7.25,99.8306,262144
dense_block,512,0,64,2,0.0236098,7.25,99.9373,262144
dense_block,512,0,64,3,0.0233539,7.25,99.9963,262144
dense_block,512,0,64,4,0.0246863,7.25,99.4722,262144
