algo,n,density,block,run,time_sec,memory_mb,cpu_pct,nnz_or_n2
dense_ijk,1536,0,64,0,0.537979,55.25,99.9474,2359296
dense_ijk,1536,0,64,1,0.532284,55.2656,99.9397,2359296
dense_ijk,1536,0,64,2,0.527692,55.2656,99.9663,2359296
dense_ijk,1536,0,64,3,0.529491,55.2656,99.9603,2359296
dense_ijk,1536,0,64,4,0.524556,55.2656,99.9953,2359296
