algo,n,density,block_size,run,seconds,memory_mb,cpu_percent,nnz
dense_unroll,1536,0.01,64,1,1.00823,55.2812,99.0277,2359296
dense_unroll,1536,0.01,64,2,1.05595,55.2812,96.4929,2359296
dense_unroll,1536,0.01,64,3,1.04294,55.2812,98.3836,2359296
dense_unroll,1536,0.01,64,4,0.975116,55.2812,99.8566,2359296
dense_unroll,1536,0.01,64,5,0.994226,55.2812,99.6064,2359296
