algo,n,density,block,run,time_sec,memory_mb,cpu_pct,nnz_or_n2
dense_unroll,2048,0,64,0,2.33344,97.2656,99.8816,4194304
dense_unroll,2048,0,64,1,2.28455,97.2656,99.9964,4194304
dense_unroll,2048,0,64,2,2.35358,97.2656,98.7942,4194304
dense_unroll,2048,0,64,3,2.28971,97.2656,99.9587,4194304
dense_unroll,2048,0,64,4,2.57343,97.2656,94.4285,4194304
