algo,n,density,block_size,run,seconds,memory_mb,cpu_percent,nnz
dense_block,2048,0.01,64,1,1.64925,97.2969,99.8437,4194304
dense_block,2048,0.01,64,2,1.61439,97.2969,99.987,4194304
dense_block,2048,0.01,64,3,1.648,97.2969,99.867,4194304
dense_block,2048,0.01,64,4,1.64714,97.2969,99.8694,4194304
dense_block,2048,0.01,64,5,1.66324,97.2969,99.7136,4194304
