algo,n,density,block,run,time_sec,memory_mb,cpu_pct,nnz_or_n2
dense_ijk,512,0,64,0,0.0349908,7.25,99.4206,262144
dense_ijk,512,0,64,1,0.0249073,9.26562,99.814,262144
dense_ijk,512,0,64,2,0.0221912,9.28125,99.9358,262144
dense_ijk,512,0,64,3,0.019643,9.28125,100.005,262144
dense_ijk,512,0,64,4,0.0191498,9.28125,100.007,262144
