algo,n,density,block_size,run,seconds,memory_mb,cpu_percent,nnz
dense_ijk,1536,0.01,64,1,0.676902,55.2969,87.3191,2359296
dense_ijk,1536,0.01,64,2,0.53685,55.2969,99.9582,2359296
dense_ijk,1536,0.01,64,3,0.524056,55.2969,99.9824,2359296
dense_ijk,1536,0.01,64,4,0.52371,55.2969,99.9913,2359296
dense_ijk,1536,0.01,64,5,0.537772,55.2969,99.6273,2359296
