algo,n,density,block,run,time_sec,memory_mb,cpu_pct,nnz_or_n2
dense_unroll,1536,0,64,0,0.980943,55.2812,99.958,2359296
dense_unroll,1536,0,64,1,0.968904,55.2969,99.972,2359296
dense_unroll,1536,0,64,2,1.02247,55.2969,98.3182,2359296
dense_unroll,1536,0,64,3,0.995449,55.2969,99.6302,2359296
dense_unroll,1536,0,64,4,0.969558,55.2969,99.995,2359296
