algo,n,density,block,run,time_sec,memory_mb,cpu_pct,nnz_or_n2
dense_ijk,2048,0,64,0,1.30999,97.2656,99.9527,4194304
dense_ijk,2048,0,64,1,1.30364,97.2812,99.8366,4194304
dense_ijk,2048,0,64,2,1.31563,97.2812,99.9661,4194304
dense_ijk,2048,0,64,3,1.32968,97.2812,99.9901,4194304
dense_ijk,2048,0,64,4,1.32802,97.2812,99.9911,4194304
