algo,n,density,block,run,time_sec,memory_mb,cpu_pct,nnz_or_n2
dense_block,2048,0,64,0,1.62869,97.2656,99.9583,4194304
dense_block,2048,0,64,1,1.66,97.2812,99.204,4194304
dense_block,2048,0,64,2,1.67651,97.2812,98.531,4194304
dense_block,2048,0,64,3,1.62386,97.2812,99.9658,4194304
dense_block,2048,0,64,4,1.61911,97.2812,99.9974,4194304
