algo,n,density,block,run,time_sec,memory_mb,cpu_pct,nnz_or_n2
dense_block,1024,0,64,0,0.225548,25.2656,99.9199,1048576
dense_block,1024,0,64,1,0.223376,25.2812,99.9894,1048576
dense_block,1024,0,64,2,0.224612,25.2812,99.9899,1048576
dense_block,1024,0,64,3,0.224032,25.2812,99.9769,1048576
dense_block,1024,0,64,4,0.234281,25.2812,97.3568,1048576
