algo,n,density,block,run,time_sec,memory_mb,cpu_pct,nnz_or_n2
dense_unroll,1536,0,64,0,0.989014,55.2656,99.9232,2359296
dense_unroll,1536,0,64,1,0.987947,55.2812,99.9,2359296
dense_unroll,1536,0,64,2,0.975258,55.2812,99.9243,2359296
dense_unroll,1536,0,64,3,0.966819,55.2812,99.9889,2359296
dense_unroll,1536,0,64,4,0.968424,55.2812,99.9907,2359296
