algo,n,density,block,run,time_sec,memory_mb,cpu_pct,nnz_or_n2
dense_unroll,2048,0,64,0,2.31547,97.2812,99.9563,4194304
dense_unroll,2048,0,64,1,2.2695,97.2969,99.9977,4194304
dense_unroll,2048,0,64,2,2.26632,97.2969,99.9989,4194304
dense_unroll,2048,0,64,3,2.27276,97.2969,99.9987,4194304
dense_unroll,2048,0,64,4,2.26285,97.2969,99.9993,4194304
