algo,n,density,block_size,run,seconds,memory_mb,cpu_percent,nnz
dense_block,1536,0.01,64,1,0.664944,55.2969,99.995,2359296
dense_block,1536,0.01,64,2,0.664397,55.2969,99.9998,2359296
dense_block,1536,0.01,64,3,0.662711,55.2969,99.9982,2359296
dense_block,1536,0.01,64,4,0.701326,55.2969,99.8919,2359296
dense_block,1536,0.01,64,5,0.676903,55.2969,99.9964,2359296
