algo,n,density,block_size,run,seconds,memory_mb,cpu_percent,nnz
dense_block,512,0.01,64,1,0.0249213,7.26562,99.9385,262144
dense_block,512,0.01,64,2,0.0249271,7.26562,99.9194,262144
dense_block,512,0.01,64,3,0.0249738,7.26562,99.8927,262144
dense_block,512,0.01,64,4,0.024998,7.26562,99.9002,262144
dense_block,512,0.01,64,5,0.0365799,7.26562,73.3846,262144
