algo,n,density,block,run,time_sec,memory_mb,cpu_pct,nnz_or_n2
dense_unroll,512,0,64,0,0.0390026,7.23438,97.9498,262144
dense_unroll,512,0,64,1,0.036493,7.25,99.956,262144
dense_unroll,512,0,64,2,0.0361532,7.25,99.9689,262144
dense_unroll,512,0,64,3,0.0362465,7.25,99.9849,262144
dense_unroll,512,0,64,4,0.0360972,7.25,99.9661,262144
