algo,n,density,block,run,time_sec,memory_mb,cpu_pct,nnz_or_n2
dense_block,1024,0,64,0,0.232524,25.2812,99.7179,1048576
dense_block,1024,0,64,1,0.229013,25.2969,99.6273,1048576
dense_block,1024,0,64,2,0.224221,25.2969,99.9619,1048576
dense_block,1024,0,64,3,0.223585,25.2969,99.977,1048576
dense_block,1024,0,64,4,0.228772,25.2969,99.5562,1048576
