algo,n,density,block,run,time_sec,memory_mb,cpu_pct,nnz_or_n2
dense_ijk,512,0,64,0,0.0206042,7.23438,100.009,262144
dense_ijk,512,0,64,1,0.0193669,7.25,100.006,262144
dense_ijk,512,0,64,2,0.019503,7.25,99.9998,262144
dense_ijk,512,0,64,3,0.0192175,7.25,99.9974,262144
dense_ijk,512,0,64,4,0.0191393,7.25,100.004,262144
