algo,n,density,block_size,run,seconds,memory_mb,cpu_percent,nnz
dense_block,1024,0.01,64,1,0.223501,25.2969,99.9905,1048576
dense_block,1024,0.01,64,2,0.223137,25.2969,99.9886,1048576
dense_block,1024,0.01,64,3,0.222523,25.2969,99.9894,1048576
dense_block,1024,0.01,64,4,0.225741,25.2969,99.9537,1048576
dense_block,1024,0.01,64,5,0.225681,25.2969,99.8566,1048576
