algo,n,density,block,run,time_sec,memory_mb,cpu_pct,nnz_or_n2
dense_ijk,1536,0,64,0,0.566687,55.2812,99.6368,2359296
dense_ijk,1536,0,64,1,0.587073,55.2969,97.2983,2359296
dense_ijk,1536,0,64,2,0.530476,55.2969,99.9496,2359296
dense_ijk,1536,0,64,3,0.562311,55.2969,99.2581,2359296
dense_ijk,1536,0,64,4,0.583093,55.2969,96.9425,2359296
