algo,n,density,block,run,time_sec,memory_mb,cpu_pct,nnz_or_n2
dense_unroll,1024,0,64,0,0.345782,25.2656,89.4168,1048576
dense_unroll,1024,0,64,1,0.313579,25.2812,95.8738,1048576
dense_unroll,1024,0,64,2,0.288958,25.2812,99.9638,1048576
dense_unroll,1024,0,64,3,0.28938,25.2812,99.9212,1048576
dense_unroll,1024,0,64,4,0.297657,25.2812,99.2727,1048576
