algo,n,density,block_size,run,seconds,memory_mb,cpu_percent,nnz
dense_ijk,512,0.01,64,1,0.0200636,7.26562,99.8773,262144
dense_ijk,512,0.01,64,2,0.0197469,7.26562,99.9145,262144
dense_ijk,512,0.01,64,3,0.0196574,7.26562,99.8809,262144
dense_ijk,512,0.01,64,4,0.0200167,7.26562,99.8813,262144
dense_ijk,512,0.01,64,5,0.0204418,7.26562,99.5609,262144
