algo,n,density,block_size,run,seconds,memory_mb,cpu_percent,nnz
dense_ijk,2048,0.01,64,1,1.40397,97.2969,99.4828,4194304
dense_ijk,2048,0.01,64,2,1.37287,97.2969,99.9341,4194304
dense_ijk,2048,0.01,64,3,1.38232,97.2969,99.7962,4194304
dense_ijk,2048,0.01,64,4,1.35636,97.2969,100,4194304
dense_ijk,2048,0.01,64,5,1.36304,97.2969,100,4194304
