algo,n,density,block,run,time_sec,memory_mb,cpu_pct,nnz_or_n2
dense_block,1536,0,64,0,0.678347,55.2656,99.9741,2359296
dense_block,1536,0,64,1,0.681488,55.2812,99.908,2359296
dense_block,1536,0,64,2,0.669433,55.2812,99.9866,2359296
dense_block,1536,0,64,3,0.670023,55.2812,99.994,2359296
dense_block,1536,0,64,4,0.672528,55.2812,99.9957,2359296
