algo,n,density,block_size,run,seconds,memory_mb,cpu_percent,nnz
dense_ijk,1024,0.01,64,1,0.156094,25.2969,99.9957,1048576
dense_ijk,1024,0.01,64,2,0.156107,25.2969,100.001,1048576
dense_ijk,1024,0.01,64,3,0.156541,25.2969,99.9872,1048576
dense_ijk,1024,0.01,64,4,0.156599,25.2969,99.9726,1048576
dense_ijk,1024,0.01,64,5,0.157019,25.2969,99.9812,1048576
