algo,n,density,block,run,time_sec,memory_mb,cpu_pct,nnz_or_n2
dense_block,2048,0,64,0,1.63951,97.2656,99.9422,4194304
dense_block,2048,0,64,1,1.70881,97.2812,98.6317,4194304
dense_block,2048,0,64,2,1.6294,97.2812,99.9951,4194304
dense_block,2048,0,64,3,1.64341,97.2812,99.751,4194304
dense_block,2048,0,64,4,1.63879,97.2812,99.9947,4194304
