algo,n,density,block,run,time_sec,memory_mb,cpu_pct,nnz_or_n2
dense_ijk,1024,0,64,0,0.165269,25.2812,99.0289,1048576
dense_ijk,1024,0,64,1,0.158142,25.2969,99.9852,1048576
dense_ijk,1024,0,64,2,0.158798,25.2969,99.9848,1048576
dense_ijk,1024,0,64,3,0.157615,25.2969,99.84,1048576
dense_ijk,1024,0,64,4,0.158637,25.2969,99.3695,1048576
