algo,n,density,block,run,time_sec,memory_mb,cpu_pct,nnz_or_n2
dense_ijk,2048,0,64,0,1.31399,97.2812,99.6849,4194304
dense_ijk,2048,0,64,1,1.29612,97.2969,99.9425,4194304
dense_ijk,2048,0,64,2,1.31834,97.2969,99.988,4194304
dense_ijk,2048,0,64,3,1.32583,97.2969,99.9027,4194304
dense_ijk,2048,0,64,4,1.30476,97.2969,99.8988,4194304
