algo,n,density,block,run,time_sec,memory_mb,cpu_pct,nnz_or_n2
dense_block,1536,0,64,0,0.729108,55.2812,96.0783,2359296
dense_block,1536,0,64,1,0.800649,55.2969,92.0644,2359296
dense_block,1536,0,64,2,0.678281,55.2969,99.9565,2359296
dense_block,1536,0,64,3,0.671802,55.2969,99.9813,2359296
dense_block,1536,0,64,4,0.672833,55.2969,99.9969,2359296
