algo,n,density,block,run,time_sec,memory_mb,cpu_pct,nnz_or_n2
dense_block,512,0,64,0,0.0240937,7.25,99.6029,262144
dense_block,512,0,64,1,0.023473,7.26562,99.8253,262144
dense_block,512,0,64,2,0.0235498,7.26562,100.005,262144
dense_block,512,0,64,3,0.0232747,7.26562,99.9628,262144
dense_block,512,0,64,4,0.0233484,7.26562,100.003,262144
