algo,n,density,block_size,run,seconds,memory_mb,cpu_percent,nnz
dense_unroll,512,0.01,64,1,0.0358469,7.26562,99.8413,262144
dense_unroll,512,0.01,64,2,0.035153,7.26562,99.997,262144
dense_unroll,512,0.01,64,3,0.0355902,7.26562,99.9855,262144
dense_unroll,512,0.01,64,4,0.0351881,7.26562,100.014,262144
dense_unroll,512,0.01,64,5,0.0350562,7.26562,100.008,262144
