algo,n,density,block,run,time_sec,memory_mb,cpu_pct,nnz_or_n2
dense_unroll,1024,0,64,0,0.305407,25.2812,99.1956,1048576
dense_unroll,1024,0,64,1,0.558484,25.2969,65.8087,1048576
dense_unroll,1024,0,64,2,0.400664,25.2969,84.5321,1048576
dense_unroll,1024,0,64,3,0.32505,25.2969,94.4941,1048576
dense_unroll,1024,0,64,4,0.292949,25.2969,99.8081,1048576
