algo,n,density,block,run,time_sec,memory_mb,cpu_pct,nnz_or_n2
dense_ijk,1024,0,64,0,0.159905,25.2656,99.8831,1048576
dense_ijk,1024,0,64,1,0.15621,25.2812,99.9871,1048576
dense_ijk,1024,0,64,2,0.156951,25.2812,99.9974,1048576
dense_ijk,1024,0,64,3,0.15623,25.2812,99.9683,1048576
dense_ijk,1024,0,64,4,0.156239,25.2812,99.9841,1048576
