algo,n,density,block,run,time_sec,memory_mb,cpu_pct,nnz_or_n2
dense_unroll,512,0,64,0,0.0383009,7.25,98.9664,262144
dense_unroll,512,0,64,1,0.0361622,7.26562,99.9165,262144
dense_unroll,512,0,64,2,0.0367272,7.26562,99.8415,262144
dense_unroll,512,0,64,3,0.0722876,7.26562,56.5865,262144
dense_unroll,512,0,64,4,0.0366759,7.26562,99.9784,262144
