algo,n,density,block_size,run,seconds,memory_mb,cpu_percent,nnz
dense_unroll,1024,0.01,64,1,0.286145,25.2969,99.9723,1048576
dense_unroll,1024,0.01,64,2,0.286303,25.2969,99.9612,1048576
dense_unroll,1024,0.01,64,3,0.287481,25.2969,100.001,1048576
dense_unroll,1024,0.01,64,4,0.285518,25.2969,100,1048576
dense_unroll,1024,0.01,64,5,0.285649,25.2969,99.9956,1048576
