algo,n,density,block,run,time_sec,memory_mb,cpu_pct,nnz_or_n2
sparse_csr,5000,0.001,0,0,0.0536927,383.547,99.9392,25000
sparse_csr,5000,0.001,0,1,0.040047,383.547,99.965,25000
sparse_csr,5000,0.001,0,2,0.0394493,383.547,99.9459,25000
sparse_csr,5000,0.001,0,3,0.0401807,383.547,100.003,25000
sparse_csr,5000,0.001,0,4,0.0391567,383.547,100.003,25000
