algo,n,density,block,run,time_sec,memory_mb,cpu_pct,nnz_or_n2
sparse_csr,525825,7.59597e-06,0,0,0.0215799,318.359,99.9728,2100225
sparse_csr,525825,7.59597e-06,0,1,0.0151304,318.375,100.01,2100225
sparse_csr,525825,7.59597e-06,0,2,0.0150643,318.375,100.011,2100225
