algo,n,density,block_size,run,seconds,memory_mb,cpu_percent,nnz
sparse_csr,5000,0.001,64,1,0.0396711,383.547,99.9695,25156
sparse_csr,5000,0.001,64,2,0.0427166,383.547,99.5468,25156
sparse_csr,5000,0.001,64,3,0.0409254,383.547,99.8403,25156
sparse_csr,5000,0.001,64,4,0.0408518,383.547,99.9906,25156
sparse_csr,5000,0.001,64,5,0.0406468,383.547,99.9907,25156
