algo,n,density,block,run,time_sec,memory_mb,cpu_pct,nnz_or_n2
sparse_csr,10000,0.001,0,0,0.362098,1529.69,97.8621,100000
sparse_csr,10000,0.001,0,1,0.283467,1529.69,99.9532,100000
sparse_csr,10000,0.001,0,2,0.291753,1529.69,99.8383,100000
sparse_csr,10000,0.001,0,3,0.293523,1529.69,99.9098,100000
sparse_csr,10000,0.001,0,4,0.29083,1529.69,99.6802,100000
