algo,n,density,block_size,run,seconds,memory_mb,cpu_percent,nnz
sparse_csr,10000,0.0001,64,1,0.259986,1527.58,71.9753,10034
sparse_csr,10000,0.0001,64,2,0.0634647,1527.58,99.3482,10034
sparse_csr,10000,0.0001,64,3,0.0439702,1527.58,99.6789,10034
sparse_csr,10000,0.0001,64,4,0.045145,1527.58,99.8472,10034
sparse_csr,10000,0.0001,64,5,0.0468939,1527.58,99.5482,10034
