algo,n,density,block,run,time_sec,memory_mb,cpu_pct,nnz_or_n2
sparse_csr,525825,7.59597e-06,0,0,0.0234323,318.375,99.9687,2100225
sparse_csr,525825,7.59597e-06,0,1,0.0152153,318.391,99.9718,2100225
sparse_csr,525825,7.59597e-06,0,2,0.0150691,318.391,99.9992,2100225
