algo,n,density,block,run,time_sec,memory_mb,cpu_pct,nnz_or_n2
sparse_csr,10000,0.01,0,0,2.70143,1549.53,99.9652,1000000
sparse_csr,10000,0.01,0,1,2.60373,1549.53,99.9999,1000000
sparse_csr,10000,0.01,0,2,2.62461,1549.53,99.9818,1000000
sparse_csr,10000,0.01,0,3,2.6068,1549.53,99.9994,1000000
sparse_csr,10000,0.01,0,4,2.59965,1549.53,99.9985,1000000
