algo,n,density,block,run,time_sec,memory_mb,cpu_pct,nnz_or_n2
sparse_csr,5000,0.01,0,0,0.376509,387.547,96.7814,250000
sparse_csr,5000,0.01,0,1,0.331482,387.547,99.905,250000
sparse_csr,5000,0.01,0,2,0.364614,387.547,97.0373,250000
sparse_csr,5000,0.01,0,3,0.344538,387.547,99.8792,250000
sparse_csr,5000,0.01,0,4,0.332944,387.547,99.9597,250000
