algo,n,density,block_size,run,seconds,memory_mb,cpu_percent,nnz
sparse_csr,5000,0.01,64,1,0.332132,387.562,99.8816,249874
sparse_csr,5000,0.01,64,2,0.342501,387.562,99.6902,249874
sparse_csr,5000,0.01,64,3,0.336366,387.562,99.8361,249874
sparse_csr,5000,0.01,64,4,0.327721,387.562,99.9153,249874
sparse_csr,5000,0.01,64,5,0.327453,387.562,99.9796,249874
