algo,n,density,block,run,time_sec,memory_mb,cpu_pct,nnz_or_n2
sparse_csr,5000,0.0001,0,0,0.028735,383,100.007,5000
sparse_csr,5000,0.0001,0,1,0.0125592,383.016,99.9904,5000
sparse_csr,5000,0.0001,0,2,0.0123474,383.016,100.005,5000
sparse_csr,5000,0.0001,0,3,0.0124709,383.016,100.009,5000
sparse_csr,5000,0.0001,0,4,0.0124144,383.016,100.005,5000
