algo,n,density,block,run,time_sec,memory_mb,cpu_pct,nnz_or_n2
sparse_csr,5000,0.001,0,0,0.0527689,383.531,99.7899,25000
sparse_csr,5000,0.001,0,1,0.0396435,383.531,99.9836,25000
sparse_csr,5000,0.001,0,2,0.038924,383.531,99.9923,25000
sparse_csr,5000,0.001,0,3,0.0392807,383.531,99.9907,25000
sparse_csr,5000,0.001,0,4,0.0387675,383.531,99.9832,25000
