algo,n,density,block,run,time_sec,memory_mb,cpu_pct,nnz_or_n2
sparse_csr,10000,0.0001,0,0,0.0982781,1527.58,99.9917,10000
sparse_csr,10000,0.0001,0,1,0.0450124,1527.59,100.004,10000
sparse_csr,10000,0.0001,0,2,0.0449512,1527.59,100.004,10000
sparse_csr,10000,0.0001,0,3,0.0451674,1527.59,100.004,10000
sparse_csr,10000,0.0001,0,4,0.0455869,1527.59,99.8773,10000
