algo,n,density,block,run,time_sec,memory_mb,cpu_pct,nnz_or_n2
sparse_csr,10000,0.01,0,0,2.82694,1549.56,99.3338,1000000
sparse_csr,10000,0.01,0,1,3.05211,1549.56,96.8238,1000000
sparse_csr,10000,0.01,0,2,2.81779,1549.56,98.9213,1000000
sparse_csr,10000,0.01,0,3,2.62565,1549.56,100,1000000
sparse_csr,10000,0.01,0,4,2.62316,1549.56,99.9978,1000000
