algo,n,density,block,run,time_sec,memory_mb,cpu_pct,nnz_or_n2
sparse_csr,5000,0.1,0,0,3.71215,382.547,93.9893,2500000
sparse_csr,5000,0.1,0,1,4.01307,411.203,90.8369,2500000
sparse_csr,5000,0.1,0,2,3.1251,411.203,99.6218,2500000
sparse_csr,5000,0.1,0,3,3.27456,411.203,98.4722,2500000
sparse_csr,5000,0.1,0,4,3.07524,411.203,99.9885,2500000
