algo,n,density,block_size,run,seconds,memory_mb,cpu_percent,nnz
sparse_csr,5000,0.1,64,1,3.17653,415.812,99.8239,2501001
sparse_csr,5000,0.1,64,2,3.16775,415.812,99.7174,2501001
sparse_csr,5000,0.1,64,3,3.18581,415.812,99.0213,2501001
sparse_csr,5000,0.1,64,4,3.60358,415.812,94.6248,2501001
sparse_csr,5000,0.1,64,5,3.33529,415.812,97.6379,2501001
