algo,n,density,block,run,time_sec,memory_mb,cpu_pct,nnz_or_n2
sparse_csr,10000,0.0001,0,0,0.371772,1499.12,65.339,10000
sparse_csr,10000,0.0001,0,1,0.0803235,1499.12,97.6875,10000
sparse_csr,10000,0.0001,0,2,0.0470514,1499.12,99.9121,10000
sparse_csr,10000,0.0001,0,3,0.0462582,1499.12,99.9153,10000
sparse_csr,10000,0.0001,0,4,0.0463223,1499.12,99.885,10000
