algo,n,density,block_size,run,seconds,memory_mb,cpu_percent,nnz
sparse_csr,10000,0.01,64,1,3.04515,1549.53,95.3655,999406
sparse_csr,10000,0.01,64,2,3.3191,1549.53,91.5928,999406
sparse_csr,10000,0.01,64,3,3.40863,1549.53,94.9307,999406
sparse_csr,10000,0.01,64,4,2.8464,1549.53,99.2334,999406
sparse_csr,10000,0.01,64,5,2.94474,1549.53,97.1592,999406
