algo,n,density,block,run,time_sec,memory_mb,cpu_pct,nnz_or_n2
sparse_csr,10000,0.001,0,0,0.362478,1529.66,99.9831,100000
sparse_csr,10000,0.001,0,1,0.280605,1529.66,99.976,100000
sparse_csr,10000,0.001,0,2,0.287001,1529.66,99.8759,100000
sparse_csr,10000,0.001,0,3,0.283508,1529.66,99.9165,100000
sparse_csr,10000,0.001,0,4,0.279914,1529.66,99.9806,100000
