algo,n,density,block,run,time_sec,memory_mb,cpu_pct,nnz_or_n2
sparse_csr,5000,0.0001,0,0,0.0243034,382.984,99.9985,5000
sparse_csr,5000,0.0001,0,1,0.0122145,383,99.9956,5000
sparse_csr,5000,0.0001,0,2,0.0122549,383,99.9765,5000
sparse_csr,5000,0.0001,0,3,0.0122051,383,100.015,5000
sparse_csr,5000,0.0001,0,4,0.0122347,383,99.9942,5000
