algo,n,density,block_size,run,seconds,memory_mb,cpu_percent,nnz
sparse_csr,10000,0.001,64,1,0.319307,1527.98,98.9871,100122
sparse_csr,10000,0.001,64,2,0.415113,1528.06,90.1212,100122
sparse_csr,10000,0.001,64,3,0.310946,1528.06,99.3315,100122
sparse_csr,10000,0.001,64,4,0.281869,1528.06,99.9969,100122
sparse_csr,10000,0.001,64,5,0.28605,1528.06,100,100122
