algo,n,density,block,run,time_sec,memory_mb,cpu_pct,nnz_or_n2
sparse_csr,5000,0.1,0,0,3.13984,422.109,98.9828,2500000
sparse_csr,5000,0.1,0,1,3.17048,422.172,98.6622,2500000
sparse_csr,5000,0.1,0,2,3.08456,422.172,99.9988,2500000
sparse_csr,5000,0.1,0,3,3.03448,422.172,99.9913,2500000
sparse_csr,5000,0.1,0,4,3.02577,422.172,99.9996,2500000
