algo,n,density,block,run,time_sec,memory_mb,cpu_pct,nnz_or_n2
sparse_csr,5000,0.01,0,0,0.333373,387.531,99.9761,250000
sparse_csr,5000,0.01,0,1,0.324329,387.531,99.9679,250000
sparse_csr,5000,0.01,0,2,0.324575,387.531,99.9786,250000
sparse_csr,5000,0.01,0,3,0.332968,387.531,99.8179,250000
sparse_csr,5000,0.01,0,4,0.321736,387.531,99.9474,250000
