algo,n,density,block_size,run,seconds,memory_mb,cpu_percent,nnz
sparse_csr,5000,0.0001,64,1,0.00824863,382.938,99.9803,2515
sparse_csr,5000,0.0001,64,2,0.00769408,382.938,99.8689,2515
sparse_csr,5000,0.0001,64,3,0.00755042,382.938,99.9018,2515
sparse_csr,5000,0.0001,64,4,0.00808004,382.938,99.3807,2515
sparse_csr,5000,0.0001,64,5,0.00745042,382.938,100.008,2515
