language,n,run,seconds
cpp,128,1,0.00101833
cpp,128,2,0.00109325
cpp,128,3,0.00108296
cpp,128,4,0.000996584
cpp,128,5,0.000938875
