language,n,run,seconds,memory_mb,cpu_percent
cpp,256,1,0.00371417,2.54688,96.1185
cpp,256,2,0.00414488,3.10938,99.5446
cpp,256,3,0.0033615,3.10938,100.045
cpp,256,4,0.00394687,3.10938,100.029
cpp,256,5,0.00358546,3.10938,100.043
