language,n,run,seconds
cpp,512,1,0.0206425
cpp,512,2,0.0205061
cpp,512,3,0.0211322
cpp,512,4,0.0206008
cpp,512,5,0.0198729
