language,n,run,seconds
cpp,256,1,0.00505183
cpp,256,2,0.00409946
cpp,256,3,0.00376404
cpp,256,4,0.00395346
cpp,256,5,0.00354517
