language,n,run,seconds
cpp,256,1,0.0049305
cpp,256,2,0.00420683
cpp,256,3,0.00425413
cpp,256,4,0.00394083
cpp,256,5,0.00395362
