language,n,run,seconds
cpp,384,1,0.0104993
cpp,384,2,0.00954363
cpp,384,3,0.00888554
cpp,384,4,0.00849308
cpp,384,5,0.00828838
