language,n,run,seconds,memory_mb,cpu_percent
cpp,384,1,0.0108113,5.57812,99.7379
cpp,384,2,0.00994037,5.57812,99.6642
cpp,384,3,0.00914,5.57812,100.011
cpp,384,4,0.008675,5.57812,99.9654
cpp,384,5,0.00832138,5.57812,99.9835
