language,n,run,seconds,memory_mb,cpu_percent
cpp,128,1,0.00114254,1.42188,97.9395
cpp,128,2,0.00113879,1.60938,99.4915
cpp,128,3,0.000984417,1.60938,100.161
cpp,128,4,0.00112237,1.60938,90.8787
cpp,128,5,0.00113696,1.79688,81.5334
