language,n,run,seconds
cpp,512,1,0.0195806
cpp,512,2,0.0193092
cpp,512,3,0.0195065
cpp,512,4,0.0204601
cpp,512,5,0.0933525
