language,n,run,seconds
cpp,128,1,0.00107758
cpp,128,2,0.00107904
cpp,128,3,0.00106317
cpp,128,4,0.000944292
cpp,128,5,0.000943333
