language,n,run,seconds
cpp,384,1,0.010788
cpp,384,2,0.00991304
cpp,384,3,0.00914554
cpp,384,4,0.00876846
cpp,384,5,0.00883683
