language,n,run,seconds
java,128,1,0.000448
java,128,2,0.000493
java,128,3,0.000638
java,128,4,0.000500
java,128,5,0.000484
