language,n,run,seconds
java,128,1,0.000449
java,128,2,0.000402
java,128,3,0.000465
java,128,4,0.000439
java,128,5,0.000429
