language,n,run,seconds
java,512,1,0.021044
java,512,2,0.022080
java,512,3,0.021041
java,512,4,0.020967
java,512,5,0.021006
