language,n,run,seconds
java,384,1,0.010139
java,384,2,0.010141
java,384,3,0.010140
java,384,4,0.012414
java,384,5,0.009859
