language,n,run,seconds,memory_mb,cpu_percent
java,384,1,0.010368,5.00,6.4
java,384,2,0.009993,5.00,16.9
java,384,3,0.010536,4.00,12.7
java,384,4,0.010510,4.00,12.5
java,384,5,0.010383,4.00,12.7
