language,n,run,seconds
java,384,1,0.009120
java,384,2,0.009597
java,384,3,0.009449
java,384,4,0.011221
java,384,5,0.009505
