language,n,run,seconds
java,512,1,0.023375
java,512,2,0.024672
java,512,3,0.022550
java,512,4,0.022641
java,512,5,0.021977
