language,n,run,seconds
java,256,1,0.003289
java,256,2,0.003188
java,256,3,0.003552
java,256,4,0.003387
java,256,5,0.003499
