language,n,run,seconds
java,256,1,0.003113
java,256,2,0.003076
java,256,3,0.003506
java,256,4,0.003600
java,256,5,0.003261
