language,n,run,seconds,memory_mb,cpu_percent
java,256,1,0.003253,3.00,6.5
java,256,2,0.003076,3.00,17.4
java,256,3,0.002805,3.00,12.6
java,256,4,0.002791,3.00,12.5
java,256,5,0.002797,3.00,13.1
