language,n,run,seconds,memory_mb,cpu_percent
python,128,1,0.058563,18.92,99.7
python,128,2,0.057803,19.52,100.0
python,128,3,0.058917,19.66,98.7
python,128,4,0.064933,19.66,95.7
python,128,5,0.062154,19.73,99.2
