language,n,run,seconds
python,128,1,0.062036
python,128,2,0.061146
python,128,3,0.059944
python,128,4,0.061209
python,128,5,0.068416
