language,n,run,seconds
python,256,1,0.442174
python,256,2,0.445727
python,256,3,0.448022
python,256,4,0.446626
python,256,5,0.445850
