language,n,run,seconds,memory_mb,cpu_percent
python,256,1,0.453841,24.56,99.9
python,256,2,0.448940,27.11,100.0
python,256,3,0.545124,22.50,88.2
python,256,4,0.450281,23.00,99.9
python,256,5,0.448409,23.02,99.9
