language,n,run,seconds
python,384,1,1.897586
python,384,2,1.772389
python,384,3,1.767787
python,384,4,1.754357
python,384,5,1.873871
