language,n,run,seconds
python,128,1,0.057058
python,128,2,0.058717
python,128,3,0.059818
python,128,4,0.057312
python,128,5,0.057727
