language,n,run,seconds
python,256,1,0.468029
python,256,2,0.462399
python,256,3,0.475041
python,256,4,0.463872
python,256,5,0.462898
