language,n,run,seconds
python,384,1,1.657154
python,384,2,1.648310
python,384,3,1.708953
python,384,4,1.654619
python,384,5,1.639959
