language,n,run,seconds,memory_mb,cpu_percent
cpp,512,1,0.0196037,9.14062,99.9199
cpp,512,2,0.0199747,11.2031,99.5261
cpp,512,3,0.0204835,11.2031,98.9821
cpp,512,4,0.0210761,13.2031,98.0873
cpp,512,5,0.0204141,13.2031,99.0638
