language,n,run,seconds,memory_mb,cpu_percent
java,128,1,0.000390,2.00,9.3
java,128,2,0.000458,2.00,18.5
java,128,3,0.000509,1.00,12.6
java,128,4,0.000490,1.00,12.5
java,128,5,0.000489,1.00,15.0
