language,n,run,seconds,memory_mb,cpu_percent
java,512,1,0.022242,8.00,6.3
java,512,2,0.022199,7.00,17.9
java,512,3,0.023250,7.00,16.7
java,512,4,0.022525,7.00,16.6
java,512,5,0.022562,7.00,16.6
